Date,Time,Nitrogen dioxide,Status
01/03/2021,01:00:00,16.02399,V ugm-3
01/03/2021,02:00:00,9.57537,V ugm-3
01/03/2021,03:00:00,7.07802,V ugm-3
01/03/2021,04:00:00,10.77325,V ugm-3
01/03/2021,05:00:00,13.11161,V ugm-3
01/03/2021,06:00:00,20.44714,V ugm-3
01/03/2021,07:00:00,29.91144,V ugm-3
01/03/2021,08:00:00,32.30156,V ugm-3
01/03/2021,09:00:00,24.96252,V ugm-3
01/03/2021,10:00:00,24.52451,V ugm-3
01/03/2021,11:00:00,16.57012,V ugm-3
01/03/2021,12:00:00,15.89376,V ugm-3
01/03/2021,13:00:00,17.91519,V ugm-3
01/03/2021,14:00:00,21.34908,V ugm-3
01/03/2021,15:00:00,22.28391,V ugm-3
01/03/2021,16:00:00,23.96603,V ugm-3
01/03/2021,17:00:00,28.19098,V ugm-3
01/03/2021,18:00:00,37.8278,V ugm-3
01/03/2021,19:00:00,36.32491,V ugm-3
01/03/2021,20:00:00,37.47125,V ugm-3
01/03/2021,21:00:00,34.7693,V ugm-3
01/03/2021,22:00:00,31.39164,V ugm-3
01/03/2021,23:00:00,27.58713,V ugm-3
01/03/2021,0:00:00,19.83084,V ugm-3
02/03/2021,01:00:00,32.59807,V ugm-3
02/03/2021,02:00:00,30.51878,V ugm-3
02/03/2021,03:00:00,25.14071,V ugm-3
02/03/2021,04:00:00,21.16536,V ugm-3
02/03/2021,05:00:00,20.69379,V ugm-3
02/03/2021,06:00:00,24.33994,V ugm-3
02/03/2021,07:00:00,25.57627,V ugm-3
02/03/2021,08:00:00,26.43651,V ugm-3
02/03/2021,09:00:00,27.67788,V ugm-3
02/03/2021,10:00:00,29.02955,V ugm-3
02/03/2021,11:00:00,29.74,V ugm-3
02/03/2021,12:00:00,28.22407,V ugm-3
02/03/2021,13:00:00,26.866,V ugm-3
02/03/2021,14:00:00,26.86297,V ugm-3
02/03/2021,15:00:00,25.61756,V ugm-3
02/03/2021,16:00:00,26.59818,V ugm-3
02/03/2021,17:00:00,33.60169,V ugm-3
02/03/2021,18:00:00,48.90573,V ugm-3
02/03/2021,19:00:00,59.50556,V ugm-3
02/03/2021,20:00:00,61.93927,V ugm-3
02/03/2021,21:00:00,55.93884,V ugm-3
02/03/2021,22:00:00,46.89746,V ugm-3
02/03/2021,23:00:00,50.7567,V ugm-3
02/03/2021,0:00:00,50.64943,V ugm-3
03/03/2021,01:00:00,47.07847,V ugm-3
03/03/2021,02:00:00,47.19674,V ugm-3
03/03/2021,03:00:00,42.43906,V ugm-3
03/03/2021,04:00:00,39.43799,V ugm-3
03/03/2021,05:00:00,38.13026,V ugm-3
03/03/2021,06:00:00,38.63396,V ugm-3
03/03/2021,07:00:00,39.26081,V ugm-3
03/03/2021,08:00:00,36.92081,V ugm-3
03/03/2021,09:00:00,36.00896,V ugm-3
03/03/2021,10:00:00,34.81224,V ugm-3
03/03/2021,11:00:00,33.72651,V ugm-3
03/03/2021,12:00:00,34.84279,V ugm-3
03/03/2021,13:00:00,37.32011,V ugm-3
03/03/2021,14:00:00,38.35145,V ugm-3
03/03/2021,15:00:00,42.6803,V ugm-3
03/03/2021,16:00:00,44.9257,V ugm-3
03/03/2021,17:00:00,45.46514,V ugm-3
03/03/2021,18:00:00,43.61455,V ugm-3
03/03/2021,19:00:00,44.56651,V ugm-3
03/03/2021,20:00:00,36.59558,V ugm-3
03/03/2021,21:00:00,28.47614,V ugm-3
03/03/2021,22:00:00,36.3626,V ugm-3
03/03/2021,23:00:00,36.57081,V ugm-3
03/03/2021,00:00:00,39.39387,V ugm-3
04/03/2021,01:00:00,31.65379,V ugm-3
04/03/2021,02:00:00,21.62723,V ugm-3
04/03/2021,03:00:00,17.3264,V ugm-3
04/03/2021,04:00:00,13.9038,V ugm-3
04/03/2021,05:00:00,13.21757,V ugm-3
04/03/2021,06:00:00,18.04232,V ugm-3
04/03/2021,07:00:00,22.27251,V ugm-3
04/03/2021,08:00:00,23.40818,V ugm-3
04/03/2021,09:00:00,18.66026,V ugm-3
04/03/2021,10:00:00,21.09341,V ugm-3
04/03/2021,11:00:00,24.17457,V ugm-3
04/03/2021,12:00:00,19.40883,V ugm-3
04/03/2021,13:00:00,17.51085,V ugm-3
04/03/2021,14:00:00,18.67399,V ugm-3
04/03/2021,15:00:00,20.88669,V ugm-3
04/03/2021,16:00:00,20.56752,V ugm-3
04/03/2021,17:00:00,23.46719,V ugm-3
04/03/2021,18:00:00,29.30995,V ugm-3
04/03/2021,19:00:00,29.31812,V ugm-3
04/03/2021,20:00:00,24.11407,V ugm-3
04/03/2021,21:00:00,12.68648,V ugm-3
04/03/2021,22:00:00,10.10673,V ugm-3
04/03/2021,23:00:00,13.11328,V ugm-3
04/03/2021,0:00:00,8.31749,V ugm-3
05/03/2021,01:00:00,7.3995,V ugm-3
05/03/2021,02:00:00,9.72749,V ugm-3
05/03/2021,03:00:00,7.98305,V ugm-3
05/03/2021,04:00:00,5.75971,V ugm-3
05/03/2021,05:00:00,19.72536,V ugm-3
05/03/2021,06:00:00,20.29726,V ugm-3
05/03/2021,07:00:00,23.61772,V ugm-3
05/03/2021,08:00:00,29.40858,V ugm-3
05/03/2021,09:00:00,27.75908,V ugm-3
05/03/2021,10:00:00,19.6375,V ugm-3
05/03/2021,11:00:00,11.86725,V ugm-3
05/03/2021,12:00:00,9.4879,V ugm-3
05/03/2021,13:00:00,10.22823,V ugm-3
05/03/2021,14:00:00,12.07966,V ugm-3
05/03/2021,15:00:00,13.3522,V ugm-3
05/03/2021,16:00:00,15.19819,V ugm-3
05/03/2021,17:00:00,17.84675,V ugm-3
05/03/2021,18:00:00,22.1351,V ugm-3
05/03/2021,19:00:00,22.88942,V ugm-3
05/03/2021,20:00:00,29.2751,V ugm-3
05/03/2021,21:00:00,25.15441,V ugm-3
05/03/2021,22:00:00,23.09212,V ugm-3
05/03/2021,23:00:00,23.83712,V ugm-3
05/03/2021,0:00:00,15.85718,V ugm-3
06/03/2021,01:00:00,10.61151,V ugm-3
06/03/2021,02:00:00,10.47419,V ugm-3
06/03/2021,03:00:00,9.65553,V ugm-3
06/03/2021,04:00:00,10.82411,V ugm-3
06/03/2021,05:00:00,10.29375,V ugm-3
06/03/2021,06:00:00,13.79826,V ugm-3
06/03/2021,07:00:00,21.91543,V ugm-3
06/03/2021,08:00:00,22.97574,V ugm-3
06/03/2021,09:00:00,21.63402,V ugm-3
06/03/2021,10:00:00,14.62744,V ugm-3
06/03/2021,11:00:00,13.4021,V ugm-3
06/03/2021,12:00:00,14.09181,V ugm-3
06/03/2021,13:00:00,15.90225,V ugm-3
06/03/2021,14:00:00,17.44792,V ugm-3
06/03/2021,15:00:00,18.23697,V ugm-3
06/03/2021,16:00:00,15.48908,V ugm-3
06/03/2021,17:00:00,17.82136,V ugm-3
06/03/2021,18:00:00,25.57766,V ugm-3
06/03/2021,19:00:00,43.65446,V ugm-3
06/03/2021,20:00:00,66.07266,V ugm-3
06/03/2021,21:00:00,59.85232,V ugm-3
06/03/2021,22:00:00,60.06276,V ugm-3
06/03/2021,23:00:00,60.52008,V ugm-3
06/03/2021,0:00:00,60.66967,V ugm-3
07/03/2021,01:00:00,54.46779,V ugm-3
07/03/2021,02:00:00,51.23958,V ugm-3
07/03/2021,03:00:00,44.24016,V ugm-3
07/03/2021,04:00:00,39.23438,V ugm-3
07/03/2021,05:00:00,37.10518,V ugm-3
07/03/2021,06:00:00,38.18475,V ugm-3
07/03/2021,07:00:00,45.27833,V ugm-3
07/03/2021,08:00:00,51.4921,V ugm-3
07/03/2021,09:00:00,50.98702,V ugm-3
07/03/2021,10:00:00,25.26298,V ugm-3
07/03/2021,11:00:00,16.22987,V ugm-3
07/03/2021,12:00:00,11.43696,V ugm-3
07/03/2021,13:00:00,10.26762,V ugm-3
07/03/2021,14:00:00,10.95577,V ugm-3
07/03/2021,15:00:00,8.66364,V ugm-3
07/03/2021,16:00:00,9.78854,V ugm-3
07/03/2021,17:00:00,15.86548,V ugm-3
07/03/2021,18:00:00,20.01722,V ugm-3
07/03/2021,19:00:00,52.18069,V ugm-3
07/03/2021,20:00:00,77.6872,V ugm-3
07/03/2021,21:00:00,75.18427,V ugm-3
07/03/2021,22:00:00,69.89672,V ugm-3
07/03/2021,23:00:00,64.90142,V ugm-3
07/03/2021,0:00:00,52.94758,V ugm-3
08/03/2021,01:00:00,53.74162,V ugm-3
08/03/2021,02:00:00,52.8892,V ugm-3
08/03/2021,03:00:00,44.2769,V ugm-3
08/03/2021,04:00:00,41.72211,V ugm-3
08/03/2021,05:00:00,42.85555,V ugm-3
08/03/2021,06:00:00,51.75358,V ugm-3
08/03/2021,07:00:00,59.89142,V ugm-3
08/03/2021,08:00:00,61.11663,V ugm-3
08/03/2021,09:00:00,58.8267,V ugm-3
08/03/2021,10:00:00,53.61425,V ugm-3
08/03/2021,11:00:00,38.44675,V ugm-3
08/03/2021,12:00:00,30.44982,V ugm-3
08/03/2021,13:00:00,25.54459,V ugm-3
08/03/2021,14:00:00,28.02383,V ugm-3
08/03/2021,15:00:00,38.12704,V ugm-3
08/03/2021,16:00:00,46.55312,V ugm-3
08/03/2021,17:00:00,38.4566,V ugm-3
08/03/2021,18:00:00,38.11884,V ugm-3
08/03/2021,19:00:00,50.64248,V ugm-3
08/03/2021,20:00:00,67.98552,V ugm-3
08/03/2021,21:00:00,69.98748,V ugm-3
08/03/2021,22:00:00,63.58745,V ugm-3
08/03/2021,23:00:00,45.63459,V ugm-3
08/03/2021,0:00:00,41.84431,V ugm-3
09/03/2021,01:00:00,42.96838,V ugm-3
09/03/2021,02:00:00,39.39053,V ugm-3
09/03/2021,03:00:00,34.05851,V ugm-3
09/03/2021,04:00:00,35.48848,V ugm-3
09/03/2021,05:00:00,39.22267,V ugm-3
09/03/2021,06:00:00,42.99163,V ugm-3
09/03/2021,07:00:00,54.9866,V ugm-3
09/03/2021,08:00:00,43.9665,V ugm-3
09/03/2021,09:00:00,38.88923,V ugm-3
09/03/2021,10:00:00,35.31969,V ugm-3
09/03/2021,11:00:00,No data,V ugm-3
09/03/2021,12:00:00,33.35415,V ugm-3
09/03/2021,13:00:00,22.25973,V ugm-3
09/03/2021,14:00:00,20.76825,V ugm-3
09/03/2021,15:00:00,16.97505,V ugm-3
09/03/2021,16:00:00,14.43459,V ugm-3
09/03/2021,17:00:00,14.53727,V ugm-3
09/03/2021,18:00:00,27.97892,V ugm-3
09/03/2021,19:00:00,38.78086,V ugm-3
09/03/2021,20:00:00,36.57016,V ugm-3
09/03/2021,21:00:00,26.04836,V ugm-3
09/03/2021,22:00:00,16.05986,V ugm-3
09/03/2021,23:00:00,10.47354,V ugm-3
09/03/2021,0:00:00,11.11889,V ugm-3
10/03/2021,01:00:00,8.53489,V ugm-3
10/03/2021,02:00:00,8.31952,V ugm-3
10/03/2021,03:00:00,6.34733,V ugm-3
10/03/2021,04:00:00,6.74772,V ugm-3
10/03/2021,05:00:00,9.11492,V ugm-3
10/03/2021,06:00:00,10.51622,V ugm-3
10/03/2021,07:00:00,15.39767,V ugm-3
10/03/2021,08:00:00,16.96283,V ugm-3
10/03/2021,09:00:00,15.24361,V ugm-3
10/03/2021,10:00:00,14.11712,V ugm-3
10/03/2021,11:00:00,11.04811,V ugm-3
10/03/2021,12:00:00,11.26488,V ugm-3
10/03/2021,13:00:00,9.75076,V ugm-3
10/03/2021,14:00:00,10.35096,V ugm-3
10/03/2021,15:00:00,10.99473,V ugm-3
10/03/2021,16:00:00,11.14786,V ugm-3
10/03/2021,17:00:00,10.30272,V ugm-3
10/03/2021,18:00:00,8.63407,V ugm-3
10/03/2021,19:00:00,7.88588,V ugm-3
10/03/2021,20:00:00,6.82024,V ugm-3
10/03/2021,21:00:00,5.96763,V ugm-3
10/03/2021,22:00:00,4.9994,V ugm-3
10/03/2021,23:00:00,4.57006,V ugm-3
10/03/2021,0:00:00,3.0077,V ugm-3
11/03/2021,01:00:00,2.22205,V ugm-3
11/03/2021,02:00:00,2.3659,V ugm-3
11/03/2021,03:00:00,1.12663,V ugm-3
11/03/2021,04:00:00,1.44648,V ugm-3
11/03/2021,05:00:00,2.19645,V ugm-3
11/03/2021,06:00:00,2.14489,V ugm-3
11/03/2021,07:00:00,4.08401,V ugm-3
11/03/2021,08:00:00,5.16336,V ugm-3
11/03/2021,09:00:00,5.96918,V ugm-3
11/03/2021,10:00:00,6.28284,V ugm-3
11/03/2021,11:00:00,4.98819,V ugm-3
11/03/2021,12:00:00,4.3991,V ugm-3
11/03/2021,13:00:00,5.31233,V ugm-3
11/03/2021,14:00:00,5.90619,V ugm-3
11/03/2021,15:00:00,5.41593,V ugm-3
11/03/2021,16:00:00,8.14896,V ugm-3
11/03/2021,17:00:00,10.70527,V ugm-3
11/03/2021,18:00:00,11.25662,V ugm-3
11/03/2021,19:00:00,9.96625,V ugm-3
11/03/2021,20:00:00,9.4292,V ugm-3
11/03/2021,21:00:00,9.96816,V ugm-3
11/03/2021,22:00:00,8.78473,V ugm-3
11/03/2021,23:00:00,7.27383,V ugm-3
11/03/2021,0:00:00,5.97918,V ugm-3
12/03/2021,01:00:00,5.32403,V ugm-3
12/03/2021,02:00:00,3.45047,V ugm-3
12/03/2021,03:00:00,1.12766,V ugm-3
12/03/2021,04:00:00,2.73784,V ugm-3
12/03/2021,05:00:00,4.57149,V ugm-3
12/03/2021,06:00:00,5.65871,V ugm-3
12/03/2021,07:00:00,10.18684,V ugm-3
12/03/2021,08:00:00,10.99169,V ugm-3
12/03/2021,09:00:00,10.22291,V ugm-3
12/03/2021,10:00:00,11.90268,V ugm-3
12/03/2021,11:00:00,8.17697,V ugm-3
12/03/2021,12:00:00,6.18507,V ugm-3
12/03/2021,13:00:00,6.29462,V ugm-3
12/03/2021,14:00:00,6.67488,V ugm-3
12/03/2021,15:00:00,6.72747,V ugm-3
12/03/2021,16:00:00,7.91937,V ugm-3
12/03/2021,17:00:00,7.32974,V ugm-3
12/03/2021,18:00:00,9.06112,V ugm-3
12/03/2021,19:00:00,12.89735,V ugm-3
12/03/2021,20:00:00,13.10964,V ugm-3
12/03/2021,21:00:00,7.49333,V ugm-3
12/03/2021,22:00:00,5.97861,V ugm-3
12/03/2021,23:00:00,5.4401,V ugm-3
12/03/2021,0:00:00,4.52182,V ugm-3
13/03/2021,01:00:00,2.37452,V ugm-3
13/03/2021,02:00:00,2.08376,V ugm-3
13/03/2021,03:00:00,0.7531,V ugm-3
13/03/2021,04:00:00,0.53552,V ugm-3
13/03/2021,05:00:00,0.75161,V ugm-3
13/03/2021,06:00:00,1.40286,V ugm-3
13/03/2021,07:00:00,3.12911,V ugm-3
13/03/2021,08:00:00,3.61098,V ugm-3
13/03/2021,09:00:00,4.03623,V ugm-3
13/03/2021,10:00:00,4.85288,V ugm-3
13/03/2021,11:00:00,4.4699,V ugm-3
13/03/2021,12:00:00,4.41575,V ugm-3
13/03/2021,13:00:00,4.19619,V ugm-3
13/03/2021,14:00:00,4.57868,V ugm-3
13/03/2021,15:00:00,5.3402,V ugm-3
13/03/2021,16:00:00,8.96702,V ugm-3
13/03/2021,17:00:00,11.2387,V ugm-3
13/03/2021,18:00:00,10.43492,V ugm-3
13/03/2021,19:00:00,9.67836,V ugm-3
13/03/2021,20:00:00,15.85105,V ugm-3
13/03/2021,21:00:00,16.394,V ugm-3
13/03/2021,22:00:00,12.43983,V ugm-3
13/03/2021,23:00:00,10.70862,V ugm-3
13/03/2021,0:00:00,8.38132,V ugm-3
14/03/2021,01:00:00,6.42598,V ugm-3
14/03/2021,02:00:00,4.25875,V ugm-3
14/03/2021,03:00:00,3.89777,V ugm-3
14/03/2021,04:00:00,3.46329,V ugm-3
14/03/2021,05:00:00,3.95,V ugm-3
14/03/2021,06:00:00,7.09587,V ugm-3
14/03/2021,07:00:00,8.82928,V ugm-3
14/03/2021,08:00:00,9.85141,V ugm-3
14/03/2021,09:00:00,9.5716,V ugm-3
14/03/2021,10:00:00,7.8397,V ugm-3
14/03/2021,11:00:00,5.39653,V ugm-3
14/03/2021,12:00:00,5.18105,V ugm-3
14/03/2021,13:00:00,5.50856,V ugm-3
14/03/2021,14:00:00,5.7798,V ugm-3
14/03/2021,15:00:00,6.59654,V ugm-3
14/03/2021,16:00:00,7.73877,V ugm-3
14/03/2021,17:00:00,9.58522,V ugm-3
14/03/2021,18:00:00,7.79706,V ugm-3
14/03/2021,19:00:00,7.14962,V ugm-3
14/03/2021,20:00:00,6.55138,V ugm-3
14/03/2021,21:00:00,8.34206,V ugm-3
14/03/2021,22:00:00,8.50934,V ugm-3
14/03/2021,23:00:00,7.80261,V ugm-3
14/03/2021,0:00:00,8.12961,V ugm-3
15/03/2021,01:00:00,7.5282,V ugm-3
15/03/2021,02:00:00,3.82971,V ugm-3
15/03/2021,03:00:00,4.39304,V ugm-3
15/03/2021,04:00:00,2.54825,V ugm-3
15/03/2021,05:00:00,4.55557,V ugm-3
15/03/2021,06:00:00,7.37813,V ugm-3
15/03/2021,07:00:00,13.51137,V ugm-3
15/03/2021,08:00:00,20.5521,V ugm-3
15/03/2021,09:00:00,19.29795,V ugm-3
15/03/2021,10:00:00,19.73056,V ugm-3
15/03/2021,11:00:00,13.7005,V ugm-3
15/03/2021,12:00:00,19.4461,V ugm-3
15/03/2021,13:00:00,21.28883,V ugm-3
15/03/2021,14:00:00,15.92162,V ugm-3
15/03/2021,15:00:00,20.95759,V ugm-3
15/03/2021,16:00:00,26.16073,V ugm-3
15/03/2021,17:00:00,25.4876,V ugm-3
15/03/2021,18:00:00,45.53167,V ugm-3
15/03/2021,19:00:00,67.08723,V ugm-3
15/03/2021,20:00:00,77.29356,V ugm-3
15/03/2021,21:00:00,78.31527,V ugm-3
15/03/2021,22:00:00,65.81702,V ugm-3
15/03/2021,23:00:00,51.72285,V ugm-3
15/03/2021,0:00:00,27.42374,V ugm-3
16/03/2021,01:00:00,28.22356,V ugm-3
16/03/2021,02:00:00,30.62009,V ugm-3
16/03/2021,03:00:00,25.46718,V ugm-3
16/03/2021,04:00:00,25.00226,V ugm-3
16/03/2021,05:00:00,23.32633,V ugm-3
16/03/2021,06:00:00,20.94464,V ugm-3
16/03/2021,07:00:00,35.50756,V ugm-3
16/03/2021,08:00:00,45.95738,V ugm-3
16/03/2021,09:00:00,39.04478,V ugm-3
16/03/2021,10:00:00,31.1348,V ugm-3
16/03/2021,11:00:00,20.24153,V ugm-3
16/03/2021,12:00:00,12.51423,V ugm-3
16/03/2021,13:00:00,16.27551,V ugm-3
16/03/2021,14:00:00,18.12212,V ugm-3
16/03/2021,15:00:00,19.19124,V ugm-3
16/03/2021,16:00:00,18.2373,V ugm-3
16/03/2021,17:00:00,21.77136,V ugm-3
16/03/2021,18:00:00,10.53306,V ugm-3
16/03/2021,19:00:00,7.76341,V ugm-3
16/03/2021,20:00:00,11.51997,V ugm-3
16/03/2021,21:00:00,17.18545,V ugm-3
16/03/2021,22:00:00,18.54044,V ugm-3
16/03/2021,23:00:00,16.53466,V ugm-3
16/03/2021,0:00:00,16.32,V ugm-3
17/03/2021,01:00:00,15.69534,V ugm-3
17/03/2021,02:00:00,10.38774,V ugm-3
17/03/2021,03:00:00,6.75699,V ugm-3
17/03/2021,04:00:00,6.5928,V ugm-3
17/03/2021,05:00:00,7.79187,V ugm-3
17/03/2021,06:00:00,13.01981,V ugm-3
17/03/2021,07:00:00,20.90693,V ugm-3
17/03/2021,08:00:00,26.37085,V ugm-3
17/03/2021,09:00:00,31.07585,V ugm-3
17/03/2021,10:00:00,25.00226,V ugm-3
17/03/2021,11:00:00,24.29788,V ugm-3
17/03/2021,12:00:00,20.93804,V ugm-3
17/03/2021,13:00:00,21.22092,V ugm-3
17/03/2021,14:00:00,22.88433,V ugm-3
17/03/2021,15:00:00,16.60765,V ugm-3
17/03/2021,16:00:00,15.4935,V ugm-3
17/03/2021,17:00:00,15.2282,V ugm-3
17/03/2021,18:00:00,15.18217,V ugm-3
17/03/2021,19:00:00,15.13614,V ugm-3
17/03/2021,20:00:00,21.02935,V ugm-3
17/03/2021,21:00:00,12.85828,V ugm-3
17/03/2021,22:00:00,12.03734,V ugm-3
17/03/2021,23:00:00,9.36749,V ugm-3
17/03/2021,0:00:00,7.84163,V ugm-3
18/03/2021,01:00:00,25.69531,V ugm-3
18/03/2021,02:00:00,18.27619,V ugm-3
18/03/2021,03:00:00,15.18224,V ugm-3
18/03/2021,04:00:00,8.35112,V ugm-3
18/03/2021,05:00:00,12.1222,V ugm-3
18/03/2021,06:00:00,20.57557,V ugm-3
18/03/2021,07:00:00,31.1858,V ugm-3
18/03/2021,08:00:00,31.1679,V ugm-3
18/03/2021,09:00:00,28.84589,V ugm-3
18/03/2021,10:00:00,20.09388,V ugm-3
18/03/2021,11:00:00,14.86234,V ugm-3
18/03/2021,12:00:00,17.70377,V ugm-3
18/03/2021,13:00:00,18.83468,V ugm-3
18/03/2021,14:00:00,27.74929,V ugm-3
18/03/2021,15:00:00,No data,V ugm-3
18/03/2021,16:00:00,30.00934,V ugm-3
18/03/2021,17:00:00,29.86436,V ugm-3
18/03/2021,18:00:00,34.41251,V ugm-3
18/03/2021,19:00:00,37.52559,V ugm-3
18/03/2021,20:00:00,35.91039,V ugm-3
18/03/2021,21:00:00,35.2578,V ugm-3
18/03/2021,22:00:00,28.81684,V ugm-3
18/03/2021,23:00:00,10.20445,V ugm-3
18/03/2021,0:00:00,2.8295,V ugm-3
19/03/2021,01:00:00,3.12971,V ugm-3
19/03/2021,02:00:00,3.0545,V ugm-3
19/03/2021,03:00:00,10.72034,V ugm-3
19/03/2021,04:00:00,6.72545,V ugm-3
19/03/2021,05:00:00,2.12551,V ugm-3
19/03/2021,06:00:00,11.20265,V ugm-3
19/03/2021,07:00:00,20.42586,V ugm-3
19/03/2021,08:00:00,17.24457,V ugm-3
19/03/2021,09:00:00,14.00852,V ugm-3
19/03/2021,10:00:00,8.10935,V ugm-3
19/03/2021,11:00:00,7.4534,V ugm-3
19/03/2021,12:00:00,6.25818,V ugm-3
19/03/2021,13:00:00,7.50871,V ugm-3
19/03/2021,14:00:00,8.33058,V ugm-3
19/03/2021,15:00:00,9.85654,V ugm-3
19/03/2021,16:00:00,11.12583,V ugm-3
19/03/2021,17:00:00,9.61201,V ugm-3
19/03/2021,18:00:00,11.26127,V ugm-3
19/03/2021,19:00:00,20.29304,V ugm-3
19/03/2021,20:00:00,43.83039,V ugm-3
19/03/2021,21:00:00,74.13513,V ugm-3
19/03/2021,22:00:00,68.01379,V ugm-3
19/03/2021,23:00:00,66.19874,V ugm-3
19/03/2021,0:00:00,65.71092,V ugm-3
20/03/2021,01:00:00,53.31084,V ugm-3
20/03/2021,02:00:00,46.2849,V ugm-3
20/03/2021,03:00:00,32.22901,V ugm-3
20/03/2021,04:00:00,17.04678,V ugm-3
20/03/2021,05:00:00,8.65716,V ugm-3
20/03/2021,06:00:00,10.63254,V ugm-3
20/03/2021,07:00:00,26.61574,V ugm-3
20/03/2021,08:00:00,23.09765,V ugm-3
20/03/2021,09:00:00,22.3364,V ugm-3
20/03/2021,10:00:00,18.53618,V ugm-3
20/03/2021,11:00:00,17.1116,V ugm-3
20/03/2021,12:00:00,18.04303,V ugm-3
20/03/2021,13:00:00,13.28009,V ugm-3
20/03/2021,14:00:00,14.98456,V ugm-3
20/03/2021,15:00:00,15.14632,V ugm-3
20/03/2021,16:00:00,19.37193,V ugm-3
20/03/2021,17:00:00,22.61405,V ugm-3
20/03/2021,18:00:00,26.46744,V ugm-3
20/03/2021,19:00:00,47.4257,V ugm-3
20/03/2021,20:00:00,49.29698,V ugm-3
20/03/2021,21:00:00,56.28645,V ugm-3
20/03/2021,22:00:00,45.52986,V ugm-3
20/03/2021,23:00:00,34.36391,V ugm-3
20/03/2021,0:00:00,12.65324,V ugm-3
21/03/2021,01:00:00,7.60632,V ugm-3
21/03/2021,02:00:00,8.19253,V ugm-3
21/03/2021,03:00:00,6.47357,V ugm-3
21/03/2021,04:00:00,7.51833,V ugm-3
21/03/2021,05:00:00,6.91437,V ugm-3
21/03/2021,06:00:00,9.93304,V ugm-3
21/03/2021,07:00:00,12.17945,V ugm-3
21/03/2021,08:00:00,10.63322,V ugm-3
21/03/2021,09:00:00,6.73067,V ugm-3
21/03/2021,10:00:00,6.5658,V ugm-3
21/03/2021,11:00:00,3.93012,V ugm-3
21/03/2021,12:00:00,5.1873,V ugm-3
21/03/2021,13:00:00,4.20092,V ugm-3
21/03/2021,14:00:00,4.86611,V ugm-3
21/03/2021,15:00:00,4.32053,V ugm-3
21/03/2021,16:00:00,4.98002,V ugm-3
21/03/2021,17:00:00,6.90068,V ugm-3
21/03/2021,18:00:00,7.50692,V ugm-3
21/03/2021,19:00:00,13.10688,V ugm-3
21/03/2021,20:00:00,43.58488,V ugm-3
21/03/2021,21:00:00,67.93483,V ugm-3
21/03/2021,22:00:00,63.23471,V ugm-3
21/03/2021,23:00:00,64.99715,V ugm-3
21/03/2021,0:00:00,57.31282,V ugm-3
22/03/2021,01:00:00,51.38811,V ugm-3
22/03/2021,02:00:00,45.07402,V ugm-3
22/03/2021,03:00:00,36.73755,V ugm-3
22/03/2021,04:00:00,27.84296,V ugm-3
22/03/2021,05:00:00,26.46533,V ugm-3
22/03/2021,06:00:00,38.25484,V ugm-3
22/03/2021,07:00:00,48.69735,V ugm-3
22/03/2021,08:00:00,39.47878,V ugm-3
22/03/2021,09:00:00,29.52419,V ugm-3
22/03/2021,10:00:00,31.83488,V ugm-3
22/03/2021,11:00:00,30.50477,V ugm-3
22/03/2021,12:00:00,23.46076,V ugm-3
22/03/2021,13:00:00,14.4074,V ugm-3
22/03/2021,14:00:00,11.94251,V ugm-3
22/03/2021,15:00:00,14.56736,V ugm-3
22/03/2021,16:00:00,18.42322,V ugm-3
22/03/2021,17:00:00,21.74647,V ugm-3
22/03/2021,18:00:00,31.60142,V ugm-3
22/03/2021,19:00:00,55.34334,V ugm-3
22/03/2021,20:00:00,56.47004,V ugm-3
22/03/2021,21:00:00,68.80199,V ugm-3
22/03/2021,22:00:00,63.35058,V ugm-3
22/03/2021,23:00:00,60.51764,V ugm-3
22/03/2021,0:00:00,52.56485,V ugm-3
23/03/2021,01:00:00,51.53234,V ugm-3
23/03/2021,02:00:00,49.70827,V ugm-3
23/03/2021,03:00:00,42.42313,V ugm-3
23/03/2021,04:00:00,38.08954,V ugm-3
23/03/2021,05:00:00,40.66498,V ugm-3
23/03/2021,06:00:00,37.8023,V ugm-3
23/03/2021,07:00:00,38.60529,V ugm-3
23/03/2021,08:00:00,42.23949,V ugm-3
23/03/2021,09:00:00,38.80555,V ugm-3
23/03/2021,10:00:00,23.30483,V ugm-3
23/03/2021,11:00:00,11.98308,V ugm-3
23/03/2021,12:00:00,10.05719,V ugm-3
23/03/2021,13:00:00,9.11947,V ugm-3
23/03/2021,14:00:00,7.89651,V ugm-3
23/03/2021,15:00:00,10.21913,V ugm-3
23/03/2021,16:00:00,10.21972,V ugm-3
23/03/2021,17:00:00,12.14797,V ugm-3
23/03/2021,18:00:00,17.00679,V ugm-3
23/03/2021,19:00:00,20.21551,V ugm-3
23/03/2021,20:00:00,19.77187,V ugm-3
23/03/2021,21:00:00,16.25694,V ugm-3
23/03/2021,22:00:00,16.53569,V ugm-3
23/03/2021,23:00:00,17.19938,V ugm-3
23/03/2021,0:00:00,23.10034,V ugm-3
24/03/2021,01:00:00,21.50161,V ugm-3
24/03/2021,02:00:00,19.95668,V ugm-3
24/03/2021,03:00:00,12.31196,V ugm-3
24/03/2021,04:00:00,19.43831,V ugm-3
24/03/2021,05:00:00,31.1352,V ugm-3
24/03/2021,06:00:00,46.06772,V ugm-3
24/03/2021,07:00:00,54.3597,V ugm-3
24/03/2021,08:00:00,50.41577,V ugm-3
24/03/2021,09:00:00,29.53176,V ugm-3
24/03/2021,10:00:00,13.54285,V ugm-3
24/03/2021,11:00:00,10.56891,V ugm-3
24/03/2021,12:00:00,8.30558,V ugm-3
24/03/2021,13:00:00,9.31286,V ugm-3
24/03/2021,14:00:00,11.7318,V ugm-3
24/03/2021,15:00:00,15.31362,V ugm-3
24/03/2021,16:00:00,18.68877,V ugm-3
24/03/2021,17:00:00,19.01914,V ugm-3
24/03/2021,18:00:00,17.32819,V ugm-3
24/03/2021,19:00:00,21.52627,V ugm-3
24/03/2021,20:00:00,32.78125,V ugm-3
24/03/2021,21:00:00,41.03755,V ugm-3
24/03/2021,22:00:00,21.46921,V ugm-3
24/03/2021,23:00:00,8.55118,V ugm-3
24/03/2021,0:00:00,7.55886,V ugm-3
25/03/2021,01:00:00,13.71947,V ugm-3
25/03/2021,02:00:00,11.28594,V ugm-3
25/03/2021,03:00:00,11.06408,V ugm-3
25/03/2021,04:00:00,11.5587,V ugm-3
25/03/2021,05:00:00,15.71031,V ugm-3
25/03/2021,06:00:00,28.64639,V ugm-3
25/03/2021,07:00:00,36.31753,V ugm-3
25/03/2021,08:00:00,36.45687,V ugm-3
25/03/2021,09:00:00,18.84777,V ugm-3
25/03/2021,10:00:00,10.88645,V ugm-3
25/03/2021,11:00:00,7.8646,V ugm-3
25/03/2021,12:00:00,6.54927,V ugm-3
25/03/2021,13:00:00,10.40704,V ugm-3
25/03/2021,14:00:00,12.34231,V ugm-3
25/03/2021,15:00:00,13.24028,V ugm-3
25/03/2021,16:00:00,15.72431,V ugm-3
25/03/2021,17:00:00,13.06203,V ugm-3
25/03/2021,18:00:00,13.18492,V ugm-3
25/03/2021,19:00:00,12.71098,V ugm-3
25/03/2021,20:00:00,11.16568,V ugm-3
25/03/2021,21:00:00,10.56338,V ugm-3
25/03/2021,22:00:00,8.23874,V ugm-3
25/03/2021,23:00:00,5.64094,V ugm-3
25/03/2021,0:00:00,4.91575,V ugm-3
26/03/2021,01:00:00,4.57599,V ugm-3
26/03/2021,02:00:00,3.39523,V ugm-3
26/03/2021,03:00:00,2.65426,V ugm-3
26/03/2021,04:00:00,2.67822,V ugm-3
26/03/2021,05:00:00,3.23595,V ugm-3
26/03/2021,06:00:00,5.62586,V ugm-3
26/03/2021,07:00:00,10.19234,V ugm-3
26/03/2021,08:00:00,11.30719,V ugm-3
26/03/2021,09:00:00,10.26078,V ugm-3
26/03/2021,10:00:00,10.26263,V ugm-3
26/03/2021,11:00:00,7.48818,V ugm-3
26/03/2021,12:00:00,7.2158,V ugm-3
26/03/2021,13:00:00,6.11331,V ugm-3
26/03/2021,14:00:00,7.50609,V ugm-3
26/03/2021,15:00:00,14.42369,V ugm-3
26/03/2021,16:00:00,15.4307,V ugm-3
26/03/2021,17:00:00,30.60631,V ugm-3
26/03/2021,18:00:00,30.45721,V ugm-3
26/03/2021,19:00:00,20.8268,V ugm-3
26/03/2021,20:00:00,12.24156,V ugm-3
26/03/2021,21:00:00,13.67561,V ugm-3
26/03/2021,22:00:00,10.6368,V ugm-3
26/03/2021,23:00:00,5.81326,V ugm-3
26/03/2021,0:00:00,5.37078,V ugm-3
27/03/2021,01:00:00,4.21296,V ugm-3
27/03/2021,02:00:00,3.47543,V ugm-3
27/03/2021,03:00:00,2.82633,V ugm-3
27/03/2021,04:00:00,2.60532,V ugm-3
27/03/2021,05:00:00,2.88127,V ugm-3
27/03/2021,06:00:00,5.26558,V ugm-3
27/03/2021,07:00:00,7.47754,V ugm-3
27/03/2021,08:00:00,7.02549,V ugm-3
27/03/2021,09:00:00,6.35306,V ugm-3
27/03/2021,10:00:00,4.91337,V ugm-3
27/03/2021,11:00:00,4.36147,V ugm-3
27/03/2021,12:00:00,4.36398,V ugm-3
27/03/2021,13:00:00,5.13877,V ugm-3
27/03/2021,14:00:00,4.64306,V ugm-3
27/03/2021,15:00:00,5.81371,V ugm-3
27/03/2021,16:00:00,4.70114,V ugm-3
27/03/2021,17:00:00,6.14271,V ugm-3
27/03/2021,18:00:00,8.80798,V ugm-3
27/03/2021,19:00:00,12.03017,V ugm-3
27/03/2021,20:00:00,12.3667,V ugm-3
27/03/2021,21:00:00,12.13879,V ugm-3
27/03/2021,22:00:00,12.30549,V ugm-3
27/03/2021,23:00:00,10.0298,V ugm-3
27/03/2021,0:00:00,7.19846,V ugm-3
28/03/2021,01:00:00,4.66755,V ugm-3
28/03/2021,02:00:00,3.62673,V ugm-3
28/03/2021,03:00:00,2.16211,V ugm-3
28/03/2021,04:00:00,2.33102,V ugm-3
28/03/2021,05:00:00,2.44044,V ugm-3
28/03/2021,06:00:00,3.64984,V ugm-3
28/03/2021,07:00:00,4.48294,V ugm-3
28/03/2021,08:00:00,3.93709,V ugm-3
28/03/2021,09:00:00,4.21606,V ugm-3
28/03/2021,10:00:00,4.93018,V ugm-3
28/03/2021,11:00:00,4.48739,V ugm-3
28/03/2021,12:00:00,4.37542,V ugm-3
28/03/2021,13:00:00,4.60191,V ugm-3
28/03/2021,14:00:00,4.54497,V ugm-3
28/03/2021,15:00:00,3.81875,V ugm-3
28/03/2021,16:00:00,3.93391,V ugm-3
28/03/2021,17:00:00,5.99168,V ugm-3
28/03/2021,18:00:00,7.43839,V ugm-3
28/03/2021,19:00:00,6.66414,V ugm-3
28/03/2021,20:00:00,6.7249,V ugm-3
28/03/2021,21:00:00,6.33586,V ugm-3
28/03/2021,22:00:00,6.11256,V ugm-3
28/03/2021,23:00:00,6.72744,V ugm-3
28/03/2021,0:00:00,6.00505,V ugm-3
29/03/2021,01:00:00,4.37765,V ugm-3
29/03/2021,02:00:00,3.18964,V ugm-3
29/03/2021,03:00:00,1.99927,V ugm-3
29/03/2021,04:00:00,2.77938,V ugm-3
29/03/2021,05:00:00,4.22872,V ugm-3
29/03/2021,06:00:00,7.45941,V ugm-3
29/03/2021,07:00:00,10.18819,V ugm-3
29/03/2021,08:00:00,12.89759,V ugm-3
29/03/2021,09:00:00,14.12988,V ugm-3
29/03/2021,10:00:00,7.54123,V ugm-3
29/03/2021,11:00:00,7.0925,V ugm-3
29/03/2021,12:00:00,7.42647,V ugm-3
29/03/2021,13:00:00,7.47771,V ugm-3
29/03/2021,14:00:00,7.09121,V ugm-3
29/03/2021,15:00:00,9.19491,V ugm-3
29/03/2021,16:00:00,9.76681,V ugm-3
29/03/2021,17:00:00,12.61616,V ugm-3
29/03/2021,18:00:00,17.74428,V ugm-3
29/03/2021,19:00:00,17.13728,V ugm-3
29/03/2021,20:00:00,18.22208,V ugm-3
29/03/2021,21:00:00,30.49179,V ugm-3
29/03/2021,22:00:00,40.38951,V ugm-3
29/03/2021,23:00:00,58.87363,V ugm-3
29/03/2021,0:00:00,57.21888,V ugm-3
30/03/2021,01:00:00,50.4408,V ugm-3
30/03/2021,02:00:00,51.62657,V ugm-3
30/03/2021,03:00:00,51.3783,V ugm-3
30/03/2021,04:00:00,43.54784,V ugm-3
30/03/2021,05:00:00,50.4983,V ugm-3
30/03/2021,06:00:00,57.19367,V ugm-3
30/03/2021,07:00:00,65.59264,V ugm-3
30/03/2021,08:00:00,66.58404,V ugm-3
30/03/2021,09:00:00,77.35447,V ugm-3
30/03/2021,10:00:00,66.71481,V ugm-3
30/03/2021,11:00:00,55.56263,V ugm-3
30/03/2021,12:00:00,36.84313,V ugm-3
30/03/2021,13:00:00,33.53091,V ugm-3
30/03/2021,14:00:00,30.21674,V ugm-3
30/03/2021,15:00:00,24.06041,V ugm-3
30/03/2021,16:00:00,21.22612,V ugm-3
30/03/2021,17:00:00,16.32268,V ugm-3
30/03/2021,18:00:00,19.51643,V ugm-3
30/03/2021,19:00:00,45.15742,V ugm-3
30/03/2021,20:00:00,55.2869,V ugm-3
30/03/2021,21:00:00,85.36256,V ugm-3
30/03/2021,22:00:00,80.8738,V ugm-3
30/03/2021,23:00:00,78.40913,V ugm-3
30/03/2021,0:00:00,68.07371,V ugm-3
31/03/2021,01:00:00,63.07223,V ugm-3
31/03/2021,02:00:00,46.22894,V ugm-3
31/03/2021,03:00:00,38.4477,V ugm-3
31/03/2021,04:00:00,39.84737,V ugm-3
31/03/2021,05:00:00,44.83011,V ugm-3
31/03/2021,06:00:00,54.70889,V ugm-3
31/03/2021,07:00:00,73.77119,V ugm-3
31/03/2021,08:00:00,71.28115,V ugm-3
31/03/2021,09:00:00,80.72451,V ugm-3
31/03/2021,10:00:00,61.28306,V ugm-3
31/03/2021,11:00:00,22.76114,V ugm-3
31/03/2021,12:00:00,16.33708,V ugm-3
31/03/2021,13:00:00,16.0652,V ugm-3
31/03/2021,14:00:00,24.07573,V ugm-3
31/03/2021,15:00:00,29.90538,V ugm-3
31/03/2021,16:00:00,32.18757,V ugm-3
31/03/2021,17:00:00,27.37072,V ugm-3
31/03/2021,18:00:00,37.24426,V ugm-3
31/03/2021,19:00:00,69.62899,V ugm-3
31/03/2021,20:00:00,94.10219,V ugm-3
31/03/2021,21:00:00,88.66007,V ugm-3
31/03/2021,22:00:00,80.09689,V ugm-3
31/03/2021,23:00:00,70.90551,V ugm-3
31/03/2021,0:00:00,69.42408,V ugm-3
01/04/2021,01:00:00,64.22525,V ugm-3
01/04/2021,02:00:00,53.91568,V ugm-3
01/04/2021,03:00:00,53.01534,V ugm-3
01/04/2021,04:00:00,30.53731,V ugm-3
01/04/2021,05:00:00,13.71891,V ugm-3
01/04/2021,06:00:00,19.97814,V ugm-3
01/04/2021,07:00:00,21.69616,V ugm-3
01/04/2021,08:00:00,18.66487,V ugm-3
01/04/2021,09:00:00,15.69842,V ugm-3
01/04/2021,10:00:00,11.27677,V ugm-3
01/04/2021,11:00:00,9.59122,V ugm-3
01/04/2021,12:00:00,8.1948,V ugm-3
01/04/2021,13:00:00,6.80108,V ugm-3
01/04/2021,14:00:00,8.98049,V ugm-3
01/04/2021,15:00:00,13.89533,V ugm-3
01/04/2021,16:00:00,16.0889,V ugm-3
01/04/2021,17:00:00,16.4895,V ugm-3
01/04/2021,18:00:00,21.66503,V ugm-3
01/04/2021,19:00:00,11.5159,V ugm-3
01/04/2021,20:00:00,13.8142,V ugm-3
01/04/2021,21:00:00,9.72494,V ugm-3
01/04/2021,22:00:00,6.76456,V ugm-3
01/04/2021,23:00:00,4.18522,V ugm-3
01/04/2021,0:00:00,2.90027,V ugm-3
02/04/2021,01:00:00,2.45707,V ugm-3
02/04/2021,02:00:00,3.27549,V ugm-3
02/04/2021,03:00:00,2.00722,V ugm-3
02/04/2021,04:00:00,2.45661,V ugm-3
02/04/2021,05:00:00,3.23895,V ugm-3
02/04/2021,06:00:00,5.76473,V ugm-3
02/04/2021,07:00:00,8.11856,V ugm-3
02/04/2021,08:00:00,6.88137,V ugm-3
02/04/2021,09:00:00,8.10557,V ugm-3
02/04/2021,10:00:00,7.88019,V ugm-3
02/04/2021,11:00:00,6.86701,V ugm-3
02/04/2021,12:00:00,5.69009,V ugm-3
02/04/2021,13:00:00,6.86359,V ugm-3
02/04/2021,14:00:00,7.48151,V ugm-3
02/04/2021,15:00:00,7.03417,V ugm-3
02/04/2021,16:00:00,7.14925,V ugm-3
02/04/2021,17:00:00,6.87795,V ugm-3
02/04/2021,18:00:00,8.8968,V ugm-3
02/04/2021,19:00:00,9.18723,V ugm-3
02/04/2021,20:00:00,5.48249,V ugm-3
02/04/2021,21:00:00,5.03515,V ugm-3
02/04/2021,22:00:00,7.73355,V ugm-3
02/04/2021,23:00:00,10.93683,V ugm-3
02/04/2021,0:00:00,5.49069,V ugm-3
03/04/2021,01:00:00,3.96478,V ugm-3
03/04/2021,02:00:00,4.11392,V ugm-3
03/04/2021,03:00:00,6.6829,V ugm-3
03/04/2021,04:00:00,2.91454,V ugm-3
03/04/2021,05:00:00,2.51922,V ugm-3
03/04/2021,06:00:00,4.36591,V ugm-3
03/04/2021,07:00:00,6.05556,V ugm-3
03/04/2021,08:00:00,7.5646,V ugm-3
03/04/2021,09:00:00,8.01272,V ugm-3
03/04/2021,10:00:00,6.88444,V ugm-3
03/04/2021,11:00:00,7.05465,V ugm-3
03/04/2021,12:00:00,7.4368,V ugm-3
03/04/2021,13:00:00,6.65657,V ugm-3
03/04/2021,14:00:00,6.83025,V ugm-3
03/04/2021,15:00:00,7.28183,V ugm-3
03/04/2021,16:00:00,8.11626,V ugm-3
03/04/2021,17:00:00,7.56044,V ugm-3
03/04/2021,18:00:00,8.80404,V ugm-3
03/04/2021,19:00:00,9.64817,V ugm-3
03/04/2021,20:00:00,8.19264,V ugm-3
03/04/2021,21:00:00,8.4754,V ugm-3
03/04/2021,22:00:00,5.71791,V ugm-3
03/04/2021,23:00:00,5.38095,V ugm-3
03/04/2021,0:00:00,6.16811,V ugm-3
04/04/2021,01:00:00,4.04133,V ugm-3
04/04/2021,02:00:00,1.19053,V ugm-3
04/04/2021,03:00:00,1.00284,V ugm-3
04/04/2021,04:00:00,1.1177,V ugm-3
04/04/2021,05:00:00,3.81816,V ugm-3
04/04/2021,06:00:00,8.94423,V ugm-3
04/04/2021,07:00:00,5.73567,V ugm-3
04/04/2021,08:00:00,5.73216,V ugm-3
04/04/2021,09:00:00,6.0634,V ugm-3
04/04/2021,10:00:00,5.99718,V ugm-3
04/04/2021,11:00:00,8.29317,V ugm-3
04/04/2021,12:00:00,10.08599,V ugm-3
04/04/2021,13:00:00,10.81818,V ugm-3
04/04/2021,14:00:00,10.88159,V ugm-3
04/04/2021,15:00:00,9.7054,V ugm-3
04/04/2021,16:00:00,9.8308,V ugm-3
04/04/2021,17:00:00,8.82375,V ugm-3
04/04/2021,18:00:00,10.57845,V ugm-3
04/04/2021,19:00:00,16.27742,V ugm-3
04/04/2021,20:00:00,21.9186,V ugm-3
04/04/2021,21:00:00,25.23851,V ugm-3
04/04/2021,22:00:00,17.74391,V ugm-3
04/04/2021,23:00:00,11.48469,V ugm-3
04/04/2021,0:00:00,12.50018,V ugm-3
05/04/2021,01:00:00,10.82766,V ugm-3
05/04/2021,02:00:00,9.54939,V ugm-3
05/04/2021,03:00:00,8.29018,V ugm-3
05/04/2021,04:00:00,7.10343,V ugm-3
05/04/2021,05:00:00,8.39957,V ugm-3
05/04/2021,06:00:00,5.2368,V ugm-3
05/04/2021,07:00:00,3.70904,V ugm-3
05/04/2021,08:00:00,5.51065,V ugm-3
05/04/2021,09:00:00,3.75413,V ugm-3
05/04/2021,10:00:00,4.71568,V ugm-3
05/04/2021,11:00:00,5.32911,V ugm-3
05/04/2021,12:00:00,5.10249,V ugm-3
05/04/2021,13:00:00,4.30966,V ugm-3
05/04/2021,14:00:00,3.97435,V ugm-3
05/04/2021,15:00:00,3.63904,V ugm-3
05/04/2021,16:00:00,5.5479,V ugm-3
05/04/2021,17:00:00,5.44136,V ugm-3
05/04/2021,18:00:00,5.83741,V ugm-3
05/04/2021,19:00:00,9.85092,V ugm-3
05/04/2021,20:00:00,15.49659,V ugm-3
05/04/2021,21:00:00,18.55281,V ugm-3
05/04/2021,22:00:00,15.00039,V ugm-3
05/04/2021,23:00:00,11.67103,V ugm-3
05/04/2021,0:00:00,11.50089,V ugm-3
06/04/2021,01:00:00,10.62348,V ugm-3
06/04/2021,02:00:00,13.79024,V ugm-3
06/04/2021,03:00:00,10.39475,V ugm-3
06/04/2021,04:00:00,10.73423,V ugm-3
06/04/2021,05:00:00,14.17548,V ugm-3
06/04/2021,06:00:00,23.36042,V ugm-3
06/04/2021,07:00:00,25.79798,V ugm-3
06/04/2021,08:00:00,22.15164,V ugm-3
06/04/2021,09:00:00,15.42807,V ugm-3
06/04/2021,10:00:00,8.68758,V ugm-3
06/04/2021,11:00:00,8.47497,V ugm-3
06/04/2021,12:00:00,7.79818,V ugm-3
06/04/2021,13:00:00,9.4934,V ugm-3
06/04/2021,14:00:00,13.44747,V ugm-3
06/04/2021,15:00:00,11.92343,V ugm-3
06/04/2021,16:00:00,11.65568,V ugm-3
06/04/2021,17:00:00,11.65136,V ugm-3
06/04/2021,18:00:00,15.96222,V ugm-3
06/04/2021,19:00:00,13.4857,V ugm-3
06/04/2021,20:00:00,10.43907,V ugm-3
06/04/2021,21:00:00,21.18628,V ugm-3
06/04/2021,22:00:00,17.40411,V ugm-3
06/04/2021,23:00:00,21.36323,V ugm-3
06/04/2021,0:00:00,25.60886,V ugm-3
07/04/2021,01:00:00,18.27245,V ugm-3
07/04/2021,02:00:00,16.15539,V ugm-3
07/04/2021,03:00:00,18.28818,V ugm-3
07/04/2021,04:00:00,19.13693,V ugm-3
07/04/2021,05:00:00,24.56002,V ugm-3
07/04/2021,06:00:00,47.26282,V ugm-3
07/04/2021,07:00:00,51.05842,V ugm-3
07/04/2021,08:00:00,34.67099,V ugm-3
07/04/2021,09:00:00,21.00498,V ugm-3
07/04/2021,10:00:00,16.61269,V ugm-3
07/04/2021,11:00:00,9.97332,V ugm-3
07/04/2021,12:00:00,14.19369,V ugm-3
07/04/2021,13:00:00,9.52572,V ugm-3
07/04/2021,14:00:00,11.10036,V ugm-3
07/04/2021,15:00:00,11.55015,V ugm-3
07/04/2021,16:00:00,13.93878,V ugm-3
07/04/2021,17:00:00,14.23022,V ugm-3
07/04/2021,18:00:00,16.04986,V ugm-3
07/04/2021,19:00:00,19.75238,V ugm-3
07/04/2021,20:00:00,22.02181,V ugm-3
07/04/2021,21:00:00,18.00332,V ugm-3
07/04/2021,22:00:00,14.38013,V ugm-3
07/04/2021,23:00:00,15.34589,V ugm-3
07/04/2021,0:00:00,22.14102,V ugm-3
08/04/2021,01:00:00,18.76414,V ugm-3
08/04/2021,02:00:00,16.6172,V ugm-3
08/04/2021,03:00:00,15.76029,V ugm-3
08/04/2021,04:00:00,18.01973,V ugm-3
08/04/2021,05:00:00,23.59402,V ugm-3
08/04/2021,06:00:00,41.94609,V ugm-3
08/04/2021,07:00:00,40.60975,V ugm-3
08/04/2021,08:00:00,27.04715,V ugm-3
08/04/2021,09:00:00,12.09514,V ugm-3
08/04/2021,10:00:00,11.09209,V ugm-3
08/04/2021,11:00:00,7.89326,V ugm-3
08/04/2021,12:00:00,6.59319,V ugm-3
08/04/2021,13:00:00,8.6144,V ugm-3
08/04/2021,14:00:00,6.53048,V ugm-3
08/04/2021,15:00:00,7.09904,V ugm-3
08/04/2021,16:00:00,8.57908,V ugm-3
08/04/2021,17:00:00,9.78705,V ugm-3
08/04/2021,18:00:00,13.31347,V ugm-3
08/04/2021,19:00:00,14.04572,V ugm-3
08/04/2021,20:00:00,12.30176,V ugm-3
08/04/2021,21:00:00,14.46096,V ugm-3
08/04/2021,22:00:00,11.68159,V ugm-3
08/04/2021,23:00:00,8.84544,V ugm-3
08/04/2021,0:00:00,7.99149,V ugm-3
09/04/2021,01:00:00,8.63431,V ugm-3
09/04/2021,02:00:00,6.81104,V ugm-3
09/04/2021,03:00:00,6.52812,V ugm-3
09/04/2021,04:00:00,8.63281,V ugm-3
09/04/2021,05:00:00,11.75616,V ugm-3
09/04/2021,06:00:00,27.46419,V ugm-3
09/04/2021,07:00:00,27.65874,V ugm-3
09/04/2021,08:00:00,15.79256,V ugm-3
09/04/2021,09:00:00,12.37655,V ugm-3
09/04/2021,10:00:00,8.07888,V ugm-3
09/04/2021,11:00:00,7.96661,V ugm-3
09/04/2021,12:00:00,8.37229,V ugm-3
09/04/2021,13:00:00,6.2616,V ugm-3
09/04/2021,14:00:00,7.46291,V ugm-3
09/04/2021,15:00:00,7.58192,V ugm-3
09/04/2021,16:00:00,9.44409,V ugm-3
09/04/2021,17:00:00,13.26953,V ugm-3
09/04/2021,18:00:00,17.99087,V ugm-3
09/04/2021,19:00:00,17.47892,V ugm-3
09/04/2021,20:00:00,15.72752,V ugm-3
09/04/2021,21:00:00,12.76957,V ugm-3
09/04/2021,22:00:00,14.08314,V ugm-3
09/04/2021,23:00:00,14.99778,V ugm-3
09/04/2021,0:00:00,13.05849,V ugm-3
10/04/2021,01:00:00,4.69963,V ugm-3
10/04/2021,02:00:00,7.73401,V ugm-3
10/04/2021,03:00:00,6.65737,V ugm-3
10/04/2021,04:00:00,6.07766,V ugm-3
10/04/2021,05:00:00,10.23073,V ugm-3
10/04/2021,06:00:00,15.74536,V ugm-3
10/04/2021,07:00:00,18.8636,V ugm-3
10/04/2021,08:00:00,16.46719,V ugm-3
10/04/2021,09:00:00,11.63182,V ugm-3
10/04/2021,10:00:00,12.83002,V ugm-3
10/04/2021,11:00:00,11.80885,V ugm-3
10/04/2021,12:00:00,12.59905,V ugm-3
10/04/2021,13:00:00,9.75891,V ugm-3
10/04/2021,14:00:00,7.59955,V ugm-3
10/04/2021,15:00:00,7.88751,V ugm-3
10/04/2021,16:00:00,9.30606,V ugm-3
10/04/2021,17:00:00,10.21782,V ugm-3
10/04/2021,18:00:00,10.04763,V ugm-3
10/04/2021,19:00:00,10.79147,V ugm-3
10/04/2021,20:00:00,11.30965,V ugm-3
10/04/2021,21:00:00,10.91227,V ugm-3
10/04/2021,22:00:00,7.33133,V ugm-3
10/04/2021,23:00:00,9.15029,V ugm-3
10/04/2021,0:00:00,7.95285,V ugm-3
11/04/2021,01:00:00,8.19994,V ugm-3
11/04/2021,02:00:00,7.12119,V ugm-3
11/04/2021,03:00:00,5.81282,V ugm-3
11/04/2021,04:00:00,6.89285,V ugm-3
11/04/2021,05:00:00,11.00153,V ugm-3
11/04/2021,06:00:00,14.87341,V ugm-3
11/04/2021,07:00:00,14.04423,V ugm-3
11/04/2021,08:00:00,10.32132,V ugm-3
11/04/2021,09:00:00,7.02107,V ugm-3
11/04/2021,10:00:00,4.41354,V ugm-3
11/04/2021,11:00:00,4.23998,V ugm-3
11/04/2021,12:00:00,4.86408,V ugm-3
11/04/2021,13:00:00,6.00504,V ugm-3
11/04/2021,14:00:00,5.55219,V ugm-3
11/04/2021,15:00:00,8.45975,V ugm-3
11/04/2021,16:00:00,10.33823,V ugm-3
11/04/2021,17:00:00,7.8418,V ugm-3
11/04/2021,18:00:00,8.93258,V ugm-3
11/04/2021,19:00:00,13.26807,V ugm-3
11/04/2021,20:00:00,27.75494,V ugm-3
11/04/2021,21:00:00,44.97888,V ugm-3
11/04/2021,22:00:00,46.36048,V ugm-3
11/04/2021,23:00:00,54.31414,V ugm-3
11/04/2021,0:00:00,60.83262,V ugm-3
12/04/2021,01:00:00,54.60768,V ugm-3
12/04/2021,02:00:00,31.65477,V ugm-3
12/04/2021,03:00:00,23.02642,V ugm-3
12/04/2021,04:00:00,21.76441,V ugm-3
12/04/2021,05:00:00,27.80608,V ugm-3
12/04/2021,06:00:00,41.31484,V ugm-3
12/04/2021,07:00:00,44.0657,V ugm-3
12/04/2021,08:00:00,32.62542,V ugm-3
12/04/2021,09:00:00,22.99415,V ugm-3
12/04/2021,10:00:00,15.366,V ugm-3
12/04/2021,11:00:00,11.07537,V ugm-3
12/04/2021,12:00:00,21.85895,V ugm-3
12/04/2021,13:00:00,15.95462,V ugm-3
12/04/2021,14:00:00,13.69044,V ugm-3
12/04/2021,15:00:00,14.9155,V ugm-3
12/04/2021,16:00:00,13.60096,V ugm-3
12/04/2021,17:00:00,14.97814,V ugm-3
12/04/2021,18:00:00,17.1606,V ugm-3
12/04/2021,19:00:00,22.9459,V ugm-3
12/04/2021,20:00:00,67.11975,V ugm-3
12/04/2021,21:00:00,78.6387,V ugm-3
12/04/2021,22:00:00,76.47019,V ugm-3
12/04/2021,23:00:00,69.63019,V ugm-3
12/04/2021,0:00:00,59.00219,V ugm-3
13/04/2021,01:00:00,57.34608,V ugm-3
13/04/2021,02:00:00,43.59524,V ugm-3
13/04/2021,03:00:00,38.30889,V ugm-3
13/04/2021,04:00:00,43.07513,V ugm-3
13/04/2021,05:00:00,47.90339,V ugm-3
13/04/2021,06:00:00,55.48242,V ugm-3
13/04/2021,07:00:00,58.72997,V ugm-3
13/04/2021,08:00:00,57.87709,V ugm-3
13/04/2021,09:00:00,39.44823,V ugm-3
13/04/2021,10:00:00,13.31589,V ugm-3
13/04/2021,11:00:00,11.71888,V ugm-3
13/04/2021,12:00:00,10.08348,V ugm-3
13/04/2021,13:00:00,8.99656,V ugm-3
13/04/2021,14:00:00,13.3529,V ugm-3
13/04/2021,15:00:00,16.50694,V ugm-3
13/04/2021,16:00:00,17.34581,V ugm-3
13/04/2021,17:00:00,18.34886,V ugm-3
13/04/2021,18:00:00,19.38636,V ugm-3
13/04/2021,19:00:00,25.97697,V ugm-3
13/04/2021,20:00:00,54.85521,V ugm-3
13/04/2021,21:00:00,74.05162,V ugm-3
13/04/2021,22:00:00,71.70948,V ugm-3
13/04/2021,23:00:00,67.60296,V ugm-3
13/04/2021,0:00:00,40.63038,V ugm-3
14/04/2021,01:00:00,39.21683,V ugm-3
14/04/2021,02:00:00,47.83021,V ugm-3
14/04/2021,03:00:00,48.80109,V ugm-3
14/04/2021,04:00:00,46.33894,V ugm-3
14/04/2021,05:00:00,48.59955,V ugm-3
14/04/2021,06:00:00,54.54604,V ugm-3
14/04/2021,07:00:00,64.88936,V ugm-3
14/04/2021,08:00:00,54.09883,V ugm-3
14/04/2021,09:00:00,29.14566,V ugm-3
14/04/2021,10:00:00,17.58463,V ugm-3
14/04/2021,11:00:00,11.24377,V ugm-3
14/04/2021,12:00:00,8.9059,V ugm-3
14/04/2021,13:00:00,9.4256,V ugm-3
14/04/2021,14:00:00,10.45545,V ugm-3
14/04/2021,15:00:00,12.57332,V ugm-3
14/04/2021,16:00:00,11.19594,V ugm-3
14/04/2021,17:00:00,12.9862,V ugm-3
14/04/2021,18:00:00,13.84706,V ugm-3
14/04/2021,19:00:00,10.81891,V ugm-3
14/04/2021,20:00:00,8.47228,V ugm-3
14/04/2021,21:00:00,12.20584,V ugm-3
14/04/2021,22:00:00,13.92596,V ugm-3
14/04/2021,23:00:00,19.77262,V ugm-3
14/04/2021,0:00:00,15.18776,V ugm-3
15/04/2021,01:00:00,10.40154,V ugm-3
15/04/2021,02:00:00,13.60944,V ugm-3
15/04/2021,03:00:00,10.44336,V ugm-3
15/04/2021,04:00:00,13.94875,V ugm-3
15/04/2021,05:00:00,28.81979,V ugm-3
15/04/2021,06:00:00,37.08516,V ugm-3
15/04/2021,07:00:00,38.89532,V ugm-3
15/04/2021,08:00:00,24.73353,V ugm-3
15/04/2021,09:00:00,9.93586,V ugm-3
15/04/2021,10:00:00,8.50743,V ugm-3
15/04/2021,11:00:00,9.13823,V ugm-3
15/04/2021,12:00:00,10.06132,V ugm-3
15/04/2021,13:00:00,No data,V ugm-3
15/04/2021,14:00:00,8.74304,V ugm-3
15/04/2021,15:00:00,15.64368,V ugm-3
15/04/2021,16:00:00,15.76027,V ugm-3
15/04/2021,17:00:00,17.26715,V ugm-3
15/04/2021,18:00:00,19.39113,V ugm-3
15/04/2021,19:00:00,24.85124,V ugm-3
15/04/2021,20:00:00,26.51931,V ugm-3
15/04/2021,21:00:00,35.82493,V ugm-3
15/04/2021,22:00:00,46.53236,V ugm-3
15/04/2021,23:00:00,40.532,V ugm-3
15/04/2021,0:00:00,34.34465,V ugm-3
16/04/2021,01:00:00,31.28575,V ugm-3
16/04/2021,02:00:00,25.01378,V ugm-3
16/04/2021,03:00:00,36.69031,V ugm-3
16/04/2021,04:00:00,34.65268,V ugm-3
16/04/2021,05:00:00,43.78206,V ugm-3
16/04/2021,06:00:00,57.684,V ugm-3
16/04/2021,07:00:00,65.1777,V ugm-3
16/04/2021,08:00:00,37.12461,V ugm-3
16/04/2021,09:00:00,23.8266,V ugm-3
16/04/2021,10:00:00,13.16843,V ugm-3
16/04/2021,11:00:00,11.3895,V ugm-3
16/04/2021,12:00:00,7.89895,V ugm-3
16/04/2021,13:00:00,7.67517,V ugm-3
16/04/2021,14:00:00,8.99518,V ugm-3
16/04/2021,15:00:00,8.01977,V ugm-3
16/04/2021,16:00:00,8.54113,V ugm-3
16/04/2021,17:00:00,8.53545,V ugm-3
16/04/2021,18:00:00,11.64901,V ugm-3
16/04/2021,19:00:00,12.58228,V ugm-3
16/04/2021,20:00:00,28.34949,V ugm-3
16/04/2021,21:00:00,51.81696,V ugm-3
16/04/2021,22:00:00,62.94063,V ugm-3
16/04/2021,23:00:00,55.17541,V ugm-3
16/04/2021,0:00:00,40.19638,V ugm-3
17/04/2021,01:00:00,51.93037,V ugm-3
17/04/2021,02:00:00,49.2208,V ugm-3
17/04/2021,03:00:00,34.60195,V ugm-3
17/04/2021,04:00:00,31.32192,V ugm-3
17/04/2021,05:00:00,44.27887,V ugm-3
17/04/2021,06:00:00,59.17877,V ugm-3
17/04/2021,07:00:00,44.09601,V ugm-3
17/04/2021,08:00:00,25.57215,V ugm-3
17/04/2021,09:00:00,13.8065,V ugm-3
17/04/2021,10:00:00,7.44392,V ugm-3
17/04/2021,11:00:00,5.93862,V ugm-3
17/04/2021,12:00:00,5.54574,V ugm-3
17/04/2021,13:00:00,4.92146,V ugm-3
17/04/2021,14:00:00,5.09276,V ugm-3
17/04/2021,15:00:00,4.29473,V ugm-3
17/04/2021,16:00:00,5.55719,V ugm-3
17/04/2021,17:00:00,7.46437,V ugm-3
17/04/2021,18:00:00,9.07597,V ugm-3
17/04/2021,19:00:00,14.96146,V ugm-3
17/04/2021,20:00:00,20.84776,V ugm-3
17/04/2021,21:00:00,29.71441,V ugm-3
17/04/2021,22:00:00,27.24223,V ugm-3
17/04/2021,23:00:00,52.1705,V ugm-3
17/04/2021,0:00:00,43.6628,V ugm-3
18/04/2021,01:00:00,47.43585,V ugm-3
18/04/2021,02:00:00,49.72522,V ugm-3
18/04/2021,03:00:00,40.83946,V ugm-3
18/04/2021,04:00:00,36.32149,V ugm-3
18/04/2021,05:00:00,36.7825,V ugm-3
18/04/2021,06:00:00,38.71721,V ugm-3
18/04/2021,07:00:00,35.79574,V ugm-3
18/04/2021,08:00:00,25.52942,V ugm-3
18/04/2021,09:00:00,12.45713,V ugm-3
18/04/2021,10:00:00,5.10094,V ugm-3
18/04/2021,11:00:00,3.55235,V ugm-3
18/04/2021,12:00:00,3.14995,V ugm-3
18/04/2021,13:00:00,3.89292,V ugm-3
18/04/2021,14:00:00,3.95558,V ugm-3
18/04/2021,15:00:00,4.47754,V ugm-3
18/04/2021,16:00:00,4.07349,V ugm-3
18/04/2021,17:00:00,7.59119,V ugm-3
18/04/2021,18:00:00,9.6139,V ugm-3
18/04/2021,19:00:00,19.13953,V ugm-3
18/04/2021,20:00:00,26.07102,V ugm-3
18/04/2021,21:00:00,22.49148,V ugm-3
18/04/2021,22:00:00,38.58333,V ugm-3
18/04/2021,23:00:00,34.55438,V ugm-3
18/04/2021,0:00:00,33.16331,V ugm-3
19/04/2021,01:00:00,42.65002,V ugm-3
19/04/2021,02:00:00,33.02704,V ugm-3
19/04/2021,03:00:00,33.07074,V ugm-3
19/04/2021,04:00:00,35.2842,V ugm-3
19/04/2021,05:00:00,40.78389,V ugm-3
19/04/2021,06:00:00,47.52973,V ugm-3
19/04/2021,07:00:00,60.31517,V ugm-3
19/04/2021,08:00:00,50.40898,V ugm-3
19/04/2021,09:00:00,43.89719,V ugm-3
19/04/2021,10:00:00,37.99879,V ugm-3
19/04/2021,11:00:00,23.19511,V ugm-3
19/04/2021,12:00:00,22.36133,V ugm-3
19/04/2021,13:00:00,13.64411,V ugm-3
19/04/2021,14:00:00,15.84042,V ugm-3
19/04/2021,15:00:00,16.07244,V ugm-3
19/04/2021,16:00:00,14.40543,V ugm-3
19/04/2021,17:00:00,17.34814,V ugm-3
19/04/2021,18:00:00,19.55937,V ugm-3
19/04/2021,19:00:00,19.39842,V ugm-3
19/04/2021,20:00:00,33.50435,V ugm-3
19/04/2021,21:00:00,64.3597,V ugm-3
19/04/2021,22:00:00,76.99139,V ugm-3
19/04/2021,23:00:00,85.53607,V ugm-3
19/04/2021,0:00:00,88.3651,V ugm-3
20/04/2021,01:00:00,82.44935,V ugm-3
20/04/2021,02:00:00,60.46523,V ugm-3
20/04/2021,03:00:00,50.70707,V ugm-3
20/04/2021,04:00:00,48.49938,V ugm-3
20/04/2021,05:00:00,49.03074,V ugm-3
20/04/2021,06:00:00,50.04932,V ugm-3
20/04/2021,07:00:00,53.89048,V ugm-3
20/04/2021,08:00:00,67.24779,V ugm-3
20/04/2021,09:00:00,66.56513,V ugm-3
20/04/2021,10:00:00,55.3,V ugm-3
20/04/2021,11:00:00,43.82853,V ugm-3
20/04/2021,12:00:00,26.05381,V ugm-3
20/04/2021,13:00:00,17.48153,V ugm-3
20/04/2021,14:00:00,15.12457,V ugm-3
20/04/2021,15:00:00,14.66325,V ugm-3
20/04/2021,16:00:00,16.2879,V ugm-3
20/04/2021,17:00:00,25.37078,V ugm-3
20/04/2021,18:00:00,28.44729,V ugm-3
20/04/2021,19:00:00,43.66732,V ugm-3
20/04/2021,20:00:00,67.74292,V ugm-3
20/04/2021,21:00:00,91.88581,V ugm-3
20/04/2021,22:00:00,111.98444,V ugm-3
20/04/2021,23:00:00,100.54854,V ugm-3
20/04/2021,0:00:00,97.54541,V ugm-3
21/04/2021,01:00:00,90.48095,V ugm-3
21/04/2021,02:00:00,62.36516,V ugm-3
21/04/2021,03:00:00,55.52147,V ugm-3
21/04/2021,04:00:00,50.29163,V ugm-3
21/04/2021,05:00:00,61.40036,V ugm-3
21/04/2021,06:00:00,61.80022,V ugm-3
21/04/2021,07:00:00,68.48163,V ugm-3
21/04/2021,08:00:00,68.24818,V ugm-3
21/04/2021,09:00:00,28.90533,V ugm-3
21/04/2021,10:00:00,16.74339,V ugm-3
21/04/2021,11:00:00,14.31957,V ugm-3
21/04/2021,12:00:00,14.26834,V ugm-3
21/04/2021,13:00:00,11.14575,V ugm-3
21/04/2021,14:00:00,5.64214,V ugm-3
21/04/2021,15:00:00,5.75804,V ugm-3
21/04/2021,16:00:00,9.16534,V ugm-3
21/04/2021,17:00:00,8.53966,V ugm-3
21/04/2021,18:00:00,6.92714,V ugm-3
21/04/2021,19:00:00,11.04667,V ugm-3
21/04/2021,20:00:00,15.21069,V ugm-3
21/04/2021,21:00:00,8.55648,V ugm-3
21/04/2021,22:00:00,13.53938,V ugm-3
21/04/2021,23:00:00,13.07157,V ugm-3
21/04/2021,0:00:00,11.33558,V ugm-3
22/04/2021,01:00:00,7.17953,V ugm-3
22/04/2021,02:00:00,9.96115,V ugm-3
22/04/2021,03:00:00,10.71973,V ugm-3
22/04/2021,04:00:00,10.42536,V ugm-3
22/04/2021,05:00:00,22.76815,V ugm-3
22/04/2021,06:00:00,37.80137,V ugm-3
22/04/2021,07:00:00,33.39515,V ugm-3
22/04/2021,08:00:00,25.29679,V ugm-3
22/04/2021,09:00:00,8.87262,V ugm-3
22/04/2021,10:00:00,8.1763,V ugm-3
22/04/2021,11:00:00,6.90818,V ugm-3
22/04/2021,12:00:00,5.00938,V ugm-3
22/04/2021,13:00:00,4.71925,V ugm-3
22/04/2021,14:00:00,5.12544,V ugm-3
22/04/2021,15:00:00,6.50961,V ugm-3
22/04/2021,16:00:00,6.80313,V ugm-3
22/04/2021,17:00:00,10.7371,V ugm-3
22/04/2021,18:00:00,11.21826,V ugm-3
22/04/2021,19:00:00,16.73759,V ugm-3
22/04/2021,20:00:00,15.82102,V ugm-3
22/04/2021,21:00:00,16.90913,V ugm-3
22/04/2021,22:00:00,22.23913,V ugm-3
22/04/2021,23:00:00,32.79579,V ugm-3
22/04/2021,0:00:00,33.38538,V ugm-3
23/04/2021,01:00:00,23.51711,V ugm-3
23/04/2021,02:00:00,17.75745,V ugm-3
23/04/2021,03:00:00,21.01379,V ugm-3
23/04/2021,04:00:00,32.79001,V ugm-3
23/04/2021,05:00:00,46.65681,V ugm-3
23/04/2021,06:00:00,63.66293,V ugm-3
23/04/2021,07:00:00,60.38116,V ugm-3
23/04/2021,08:00:00,29.42486,V ugm-3
23/04/2021,09:00:00,15.46339,V ugm-3
23/04/2021,10:00:00,14.7089,V ugm-3
23/04/2021,11:00:00,15.11051,V ugm-3
23/04/2021,12:00:00,18.57709,V ugm-3
23/04/2021,13:00:00,19.32817,V ugm-3
23/04/2021,14:00:00,18.64202,V ugm-3
23/04/2021,15:00:00,14.83619,V ugm-3
23/04/2021,16:00:00,10.39976,V ugm-3
23/04/2021,17:00:00,11.73869,V ugm-3
23/04/2021,18:00:00,15.11295,V ugm-3
23/04/2021,19:00:00,19.36899,V ugm-3
23/04/2021,20:00:00,28.09643,V ugm-3
23/04/2021,21:00:00,44.86953,V ugm-3
23/04/2021,22:00:00,43.81259,V ugm-3
23/04/2021,23:00:00,45.63608,V ugm-3
23/04/2021,0:00:00,39.51209,V ugm-3
24/04/2021,01:00:00,44.23009,V ugm-3
24/04/2021,02:00:00,32.78162,V ugm-3
24/04/2021,03:00:00,31.26809,V ugm-3
24/04/2021,04:00:00,31.37586,V ugm-3
24/04/2021,05:00:00,43.9236,V ugm-3
24/04/2021,06:00:00,44.08465,V ugm-3
24/04/2021,07:00:00,45.20061,V ugm-3
24/04/2021,08:00:00,31.14339,V ugm-3
24/04/2021,09:00:00,21.46363,V ugm-3
24/04/2021,10:00:00,18.10294,V ugm-3
24/04/2021,11:00:00,16.07438,V ugm-3
24/04/2021,12:00:00,7.23212,V ugm-3
24/04/2021,13:00:00,7.98502,V ugm-3
24/04/2021,14:00:00,8.80469,V ugm-3
24/04/2021,15:00:00,9.32573,V ugm-3
24/04/2021,16:00:00,11.40647,V ugm-3
24/04/2021,17:00:00,14.02284,V ugm-3
24/04/2021,18:00:00,15.03078,V ugm-3
24/04/2021,19:00:00,13.81759,V ugm-3
24/04/2021,20:00:00,9.92298,V ugm-3
24/04/2021,21:00:00,18.28541,V ugm-3
24/04/2021,22:00:00,11.02668,V ugm-3
24/04/2021,23:00:00,12.31007,V ugm-3
24/04/2021,0:00:00,6.90708,V ugm-3
25/04/2021,01:00:00,5.73412,V ugm-3
25/04/2021,02:00:00,6.15268,V ugm-3
25/04/2021,03:00:00,5.05014,V ugm-3
25/04/2021,04:00:00,5.45102,V ugm-3
25/04/2021,05:00:00,5.1606,V ugm-3
25/04/2021,06:00:00,5.80055,V ugm-3
25/04/2021,07:00:00,7.0101,V ugm-3
25/04/2021,08:00:00,6.89618,V ugm-3
25/04/2021,09:00:00,4.51373,V ugm-3
25/04/2021,10:00:00,3.17902,V ugm-3
25/04/2021,11:00:00,3.4608,V ugm-3
25/04/2021,12:00:00,2.47217,V ugm-3
25/04/2021,13:00:00,2.35739,V ugm-3
25/04/2021,14:00:00,2.82603,V ugm-3
25/04/2021,15:00:00,2.88601,V ugm-3
25/04/2021,16:00:00,6.6049,V ugm-3
25/04/2021,17:00:00,7.1318,V ugm-3
25/04/2021,18:00:00,4.99102,V ugm-3
25/04/2021,19:00:00,3.59373,V ugm-3
25/04/2021,20:00:00,4.05978,V ugm-3
25/04/2021,21:00:00,5.04755,V ugm-3
25/04/2021,22:00:00,13.8425,V ugm-3
25/04/2021,23:00:00,3.42069,V ugm-3
25/04/2021,0:00:00,1.90517,V ugm-3
26/04/2021,01:00:00,0.7592,V ugm-3
26/04/2021,02:00:00,1.84315,V ugm-3
26/04/2021,03:00:00,1.61591,V ugm-3
26/04/2021,04:00:00,2.6093,V ugm-3
26/04/2021,05:00:00,5.69049,V ugm-3
26/04/2021,06:00:00,11.33832,V ugm-3
26/04/2021,07:00:00,14.58058,V ugm-3
26/04/2021,08:00:00,13.9842,V ugm-3
26/04/2021,09:00:00,10.73149,V ugm-3
26/04/2021,10:00:00,7.65553,V ugm-3
26/04/2021,11:00:00,4.68056,V ugm-3
26/04/2021,12:00:00,4.62136,V ugm-3
26/04/2021,13:00:00,5.43628,V ugm-3
26/04/2021,14:00:00,5.20643,V ugm-3
26/04/2021,15:00:00,7.82269,V ugm-3
26/04/2021,16:00:00,9.09905,V ugm-3
26/04/2021,17:00:00,7.59893,V ugm-3
26/04/2021,18:00:00,7.37257,V ugm-3
26/04/2021,19:00:00,7.20975,V ugm-3
26/04/2021,20:00:00,12.52237,V ugm-3
26/04/2021,21:00:00,14.67807,V ugm-3
26/04/2021,22:00:00,24.82273,V ugm-3
26/04/2021,23:00:00,20.31893,V ugm-3
26/04/2021,0:00:00,19.39344,V ugm-3
27/04/2021,01:00:00,15.24321,V ugm-3
27/04/2021,02:00:00,17.96809,V ugm-3
27/04/2021,03:00:00,22.80554,V ugm-3
27/04/2021,04:00:00,32.6063,V ugm-3
27/04/2021,05:00:00,43.40965,V ugm-3
27/04/2021,06:00:00,48.15431,V ugm-3
27/04/2021,07:00:00,49.65192,V ugm-3
27/04/2021,08:00:00,44.05831,V ugm-3
27/04/2021,09:00:00,39.88058,V ugm-3
27/04/2021,10:00:00,36.94727,V ugm-3
27/04/2021,11:00:00,23.22521,V ugm-3
27/04/2021,12:00:00,18.59366,V ugm-3
27/04/2021,13:00:00,18.36266,V ugm-3
27/04/2021,14:00:00,18.95989,V ugm-3
27/04/2021,15:00:00,22.17063,V ugm-3
27/04/2021,16:00:00,24.04761,V ugm-3
27/04/2021,17:00:00,34.28556,V ugm-3
27/04/2021,18:00:00,33.44446,V ugm-3
27/04/2021,19:00:00,37.74512,V ugm-3
27/04/2021,20:00:00,46.97988,V ugm-3
27/04/2021,21:00:00,45.93553,V ugm-3
27/04/2021,22:00:00,45.59121,V ugm-3
27/04/2021,23:00:00,48.33731,V ugm-3
27/04/2021,0:00:00,47.40452,V ugm-3
28/04/2021,01:00:00,31.32354,V ugm-3
28/04/2021,02:00:00,24.4825,V ugm-3
28/04/2021,03:00:00,26.40106,V ugm-3
28/04/2021,04:00:00,27.57606,V ugm-3
28/04/2021,05:00:00,44.1348,V ugm-3
28/04/2021,06:00:00,31.2095,V ugm-3
28/04/2021,07:00:00,32.85267,V ugm-3
28/04/2021,08:00:00,37.68344,V ugm-3
28/04/2021,09:00:00,39.79657,V ugm-3
28/04/2021,10:00:00,32.72219,V ugm-3
28/04/2021,11:00:00,26.15858,V ugm-3
28/04/2021,12:00:00,18.24071,V ugm-3
28/04/2021,13:00:00,13.06019,V ugm-3
28/04/2021,14:00:00,10.25465,V ugm-3
28/04/2021,15:00:00,16.55962,V ugm-3
28/04/2021,16:00:00,18.13696,V ugm-3
28/04/2021,17:00:00,19.01689,V ugm-3
28/04/2021,18:00:00,15.28881,V ugm-3
28/04/2021,19:00:00,16.16874,V ugm-3
28/04/2021,20:00:00,13.95158,V ugm-3
28/04/2021,21:00:00,11.85228,V ugm-3
28/04/2021,22:00:00,8.69494,V ugm-3
28/04/2021,23:00:00,4.77994,V ugm-3
28/04/2021,0:00:00,5.3019,V ugm-3
29/04/2021,01:00:00,7.86859,V ugm-3
29/04/2021,02:00:00,5.60952,V ugm-3
29/04/2021,03:00:00,3.96446,V ugm-3
29/04/2021,04:00:00,6.36905,V ugm-3
29/04/2021,05:00:00,10.81088,V ugm-3
29/04/2021,06:00:00,22.36531,V ugm-3
29/04/2021,07:00:00,24.35728,V ugm-3
29/04/2021,08:00:00,22.33511,V ugm-3
29/04/2021,09:00:00,12.21989,V ugm-3
29/04/2021,10:00:00,9.77272,V ugm-3
29/04/2021,11:00:00,8.90938,V ugm-3
29/04/2021,12:00:00,14.51091,V ugm-3
29/04/2021,13:00:00,11.00962,V ugm-3
29/04/2021,14:00:00,14.63154,V ugm-3
29/04/2021,15:00:00,16.59249,V ugm-3
29/04/2021,16:00:00,14.98828,V ugm-3
29/04/2021,17:00:00,18.67946,V ugm-3
29/04/2021,18:00:00,16.23406,V ugm-3
29/04/2021,19:00:00,19.81611,V ugm-3
29/04/2021,20:00:00,14.20392,V ugm-3
29/04/2021,21:00:00,14.79132,V ugm-3
29/04/2021,22:00:00,14.09124,V ugm-3
29/04/2021,23:00:00,15.66886,V ugm-3
29/04/2021,0:00:00,16.54729,V ugm-3
30/04/2021,01:00:00,13.89897,V ugm-3
30/04/2021,02:00:00,17.26973,V ugm-3
30/04/2021,03:00:00,16.51547,V ugm-3
30/04/2021,04:00:00,27.53592,V ugm-3
30/04/2021,05:00:00,50.45236,V ugm-3
30/04/2021,06:00:00,53.97561,V ugm-3
30/04/2021,07:00:00,43.51238,V ugm-3
30/04/2021,08:00:00,29.43279,V ugm-3
30/04/2021,09:00:00,11.19424,V ugm-3
30/04/2021,10:00:00,9.61011,V ugm-3
30/04/2021,11:00:00,7.56581,V ugm-3
30/04/2021,12:00:00,7.923,V ugm-3
30/04/2021,13:00:00,10.49683,V ugm-3
30/04/2021,14:00:00,11.66513,V ugm-3
30/04/2021,15:00:00,12.37862,V ugm-3
30/04/2021,16:00:00,14.14939,V ugm-3
30/04/2021,17:00:00,12.86292,V ugm-3
30/04/2021,18:00:00,16.58629,V ugm-3
30/04/2021,19:00:00,21.47829,V ugm-3
30/04/2021,20:00:00,26.99477,V ugm-3
30/04/2021,21:00:00,46.4636,V ugm-3
30/04/2021,22:00:00,58.70976,V ugm-3
30/04/2021,23:00:00,70.26085,V ugm-3
30/04/2021,0:00:00,66.30663,V ugm-3
,,,
,,,
,,,
End,,,
